DVG_type,BP,RI,read_counts_ditector,sense,ID_DI,cID_DI,start,end,id,TP_exact,seq_around_junction,seq_around_junction_reverseCompl,inWholeSeq,inWholeSeq_asRevCompl,in_idSeq,TP_seq
3cb/sb,6940,9114,2,-+,6940_9114,-+_6940_9114,6940,9114,6940_9114,1,CAAGTATTTTTCCGTCTTTCGTGCTCACCAgccgattacgaactgacggaggacaaaatg,CATTTTGTCCTCCGTCAGTTCGTAATCGGCTGGTGAGCACGAAAGACGGAAAAATACTTG,,-+_9114_6940,-+_9114_6940,1
3cb/sb,9114,6940,2,-+,9114_6940,-+_9114_6940,6940,9114,6940_9114,1,CATTTTGTCCTCCGTCAGTTCGTAATCGGCtggtgagcacgaaagacggaaaaatacttg,CAAGTATTTTTCCGTCTTTCGTGCTCACCAGCCGATTACGAACTGACGGAGGACAAAATG,-+_9114_6940,,-+_9114_6940,1
3cb/sb,7678,8307,1,-+,7678_8307,-+_7678_8307,7678,8307,7678_8307,0,TCCACACTCCCATCTTTCCTAAGAAGAGTCactatggcagacaactttcgtgaattgggc,GCCCAATTCACGAAAGTTGTCTGCCATAGTGACTCTTCTTAGGAAAGATGGGAGTGTGGA,,-+_8306_7679,-+_8306_7679,1
3cb/sb,8306,7679,1,-+,8306_7679,-+_8306_7679,7679,8306,7679_8306,1,CCCAATTCACGAAAGTTGTCTGCCATAGTGactcttcttaggaaagatgggagtgtggaa,TTCCACACTCCCATCTTTCCTAAGAAGAGTCACTATGGCAGACAACTTTCGTGAATTGGG,-+_8306_7679,,-+_8306_7679,1
3cb/sb,9614,6126,1,-+,9614_6126,-+_9614_6126,6126,9614,6126_9614,1,TAGTCTACCAACATACAACTTCATAACCCCgtggatccactcacaggagcgacgttggat,ATCCAACGTCGCTCCTGTGAGTGGATCCACGGGGTTATGAAGTTGTATGTTGGTAGACTA,,-+_6126_9614,-+_6126_9614,1
3cb/sb,7304,8434,1,-+,7304_8434,-+_7304_8434,7304,8434,7304_8434,1,TTGAGATACAAGTCAAACATCTGACATTTTtcgagccagagcgaatagtatcgattttag,CTAAAATCGATACTATTCGCTCTGGCTCGAAAAATGTCAGATGTTTGACTTGTATCTCAA,,-+_8434_7304,-+_8434_7304,1
3cb/sb,4964,8435,3,-+,4964_8435,-+_4964_8435,4964,8435,4964_8435,0,AGCCCATAAGTGAAGCACTTCAAAGCTGCTcgagccagagcgaatagtatcgattttaga,TCTAAAATCGATACTATTCGCTCTGGCTCGAGCAGCTTTGAAGTGCTTCACTTATGGGCT,-+_4967_8432,,-+_4967_8432,1
3cb/sb,8432,4967,2,-+,8432_4967,-+_8432_4967,4967,8432,4967_8432,1,AAAATCGATACTATTCGCTCTGGCTCGAGCagctttgaagtgcttcacttatgggcttcc,GGAAGCCCATAAGTGAAGCACTTCAAAGCTGCTCGAGCCAGAGCGAATAGTATCGATTTT,,-+_4967_8432,-+_4967_8432,1
3cb/sb,3200,9054,1,-+,3200_9054,-+_3200_9054,3200,9054,3200_9054,1,ACGCTGTATCTGCCGCCTAAATCGGCTTCGgatctatccaacacacggtcaacgcgaaag,CTTTCGCGTTGACCGTGTGTTGGATAGATCCGAAGCCGATTTAGGCGGCAGATACAGCGT,,-+_9054_3200,-+_9054_3200,1
3cb/sb,9052,3202,3,-+,9052_3202,-+_9052_3202,3202,9052,3202_9052,0,TTCGCGTTGACCGTGTGTTGGATAGATCCGaagccgatttaggcggcagatacagcgtgt,ACACGCTGTATCTGCCGCCTAAATCGGCTTCGGATCTATCCAACACACGGTCAACGCGAA,-+_9054_3200,,-+_9054_3200,1
3cb/sb,4255,7271,1,-+,4255_7271,-+_4255_7271,4255,7271,4255_7271,1,AGTAATTGAGTGCAAAACCACTGGTCATTAtagccagcttgtgacaaagcacacagttaa,TTAACTGTGTGCTTTGTCACAAGCTGGCTATAATGACCAGTGGTTTTGCACTCAATTACT,-+_4255_7271,,-+_4255_7271,1
3cb/sb,7271,4255,1,-+,7271_4255,-+_7271_4255,4255,7271,4255_7271,1,TTAACTGTGTGCTTTGTCACAAGCTGGCTAtaatgaccagtggttttgcactcaattact,AGTAATTGAGTGCAAAACCACTGGTCATTATAGCCAGCTTGTGACAAAGCACACAGTTAA,,-+_4255_7271,-+_4255_7271,1
3cb/sb,3324,6240,1,-+,3324_6240,-+_3324_6240,3324,6240,3324_6240,1,CCTACACACGCTATTCGACACCTTGCTACCccaaatgaaatacgtgtgaataagacaatt,AATTGTCTTATTCACACGTATTTCATTTGGGGTAGCAAGGTGTCGAATAGCGTGTGTAGG,-+_3324_6240,,-+_3324_6240,1
3cb/sb,6240,3324,2,-+,6240_3324,-+_6240_3324,3324,6240,3324_6240,1,AATTGTCTTATTCACACGTATTTCATTTGGggtagcaaggtgtcgaatagcgtgtgtagg,CCTACACACGCTATTCGACACCTTGCTACCCCAAATGAAATACGTGTGAATAAGACAATT,,-+_3324_6240,-+_3324_6240,1
3cb/sb,3409,4133,2,-+,3409_4133,-+_3409_4133,3409,4133,3409_4133,1,CCTCGGCGGTCATCTTGATTAGTAAGCTGAccttgagccaactcggccacttgcagaaaa,TTTTCTGCAAGTGGCCGAGTTGGCTCAAGGTCAGCTTACTAATCAAGATGACCGCCGAGG,-+_3409_4133,,-+_3409_4133,1
3cb/sb,2354,4290,1,-+,2354_4290,-+_2354_4290,2354,4290,2354_4290,1,TAACAAGCGGTTGCTACATCTAACAGAGTGaacaatagaatgcgcattgaagaatttgac,GTCAAATTCTTCAATGCGCATTCTATTGTTCACTCTGTTAGATGTAGCAACCGCTTGTTA,-+_2354_4290,,-+_2354_4290,1
3cb/sb,4290,2354,2,-+,4290_2354,-+_4290_2354,2354,4290,2354_4290,1,GTCAAATTCTTCAATGCGCATTCTATTGTTcactctgttagatgtagcaaccgcttgtta,TAACAAGCGGTTGCTACATCTAACAGAGTGAACAATAGAATGCGCATTGAAGAATTTGAC,,-+_2354_4290,-+_2354_4290,1
3cb/sb,1500,2388,1,-+,1500_2388,-+_1500_2388,1500,2388,1500_2388,0,TGCTTGCTCATACCTATCTAGTATCTGCACctgaaggtattttacccagacgttgctaac,GTTAGCAACGTCTGGGTAAAATACCTTCAGGTGCAGATACTAGATAGGTATGAGCAAGCA,,-+_2387_1501,-+_2387_1501,1
3cb/sb,1035,2543,1,-+,1035_2543,-+_1035_2543,1035,2543,1035_2543,1,CCAACCTGCGCAAACCACTCCTGGATTTATcacaagatgcaatttggagtcaagcttaaa,TTTAAGCTTGACTCCAAATTGCATCTTGTGATAAATCCAGGAGTGGTTTGCGCAGGTTGG,,-+_2543_1035,-+_2543_1035,1
5cb/sb,4016,101,1,+-,4016_101,+-_4016_101,101,4016,101_4016,0,ATGACTTTTACCAGAGCAACTGCCACGGAAtaacgatgaaagatttgagaatctttgatt,AATCAAAGATTCTCAAATCTTTCATCGTTATTCCGTGGCAGTTGCTCTGGTAAAAGTCAT,+-_4015_102,,+-_4015_102,1
5cb/sb,1460,2998,2,+-,1460_2998,+-_1460_2998,1460,2998,1460_2998,1,TCCATGAAGCACAGGTTAACGCAGCTACGCaaaagcatgcccatgaatctgttacacgcg,CGCGTGTAACAGATTCATGGGCATGCTTTTGCGTAGCTGCGTTAACCTGTGCTTCATGGA,+-_1460_2998,,+-_1460_2998,1
5cb/sb,3000,1458,2,+-,3000_1458,+-_3000_1458,1458,3000,1458_3000,0,CGTGTAACAGATTCATGGGCATGCTTTTGCgtagctgcgttaacctgtgcttcatggatg,CATCCATGAAGCACAGGTTAACGCAGCTACGCAAAAGCATGCCCATGAATCTGTTACACG,,+-_1460_2998,+-_1460_2998,1
5cb/sb,970,3497,2,+-,970_3497,+-_970_3497,970,3497,970_3497,1,ACTCGGGAAGAGAGCGCAGCGCGACTTATCgcgctctgtctcctcaatatccagtttgag,CTCAAACTGGATATTGAGGAGACAGAGCGCGATAAGTCGCGCTGCGCTCTCTTCCCGAGT,,+-_3497_970,+-_3497_970,1
5cb/sb,3497,970,3,+-,3497_970,+-_3497_970,970,3497,970_3497,1,CTCAAACTGGATATTGAGGAGACAGAGCGCgataagtcgcgctgcgctctcttcccgagt,ACTCGGGAAGAGAGCGCAGCGCGACTTATCGCGCTCTGTCTCCTCAATATCCAGTTTGAG,+-_3497_970,,+-_3497_970,1
5cb/sb,163,4932,1,+-,163_4932,+-_163_4932,163,4932,163_4932,1,AGTAGTTACATTCGCATCGGCTATCACCAAaccctttctctgtgtgacctattcgcaggg,CCCTGCGAATAGGTCACACAGAGAAAGGGTTTGGTGATAGCCGATGCGAATGTAACTACT,+-_163_4932,,+-_163_4932,1
5cb/sb,4933,162,2,+-,4933_162,+-_4933_162,162,4933,162_4933,0,CCTGCGAATAGGTCACACAGAGAAAGGGTTtggtgatagccgatgcgaatgtaactactg,CAGTAGTTACATTCGCATCGGCTATCACCAAACCCTTTCTCTGTGTGACCTATTCGCAGG,,+-_163_4932,+-_163_4932,1
5cb/sb,2673,3541,1,+-,2673_3541,+-_2673_3541,2673,3541,2673_3541,0,GCATCAAGAGGCTCATAAAAGGAGTCTATAgtcagaatggcatggtggaatgcaagttcc,GGAACTTGCATTCCACCATGCCATTCTGACTATAGACTCCTTTTATGAGCCTCTTGATGC,,,,0
5cb/sb,2677,3537,1,+-,2677_3537,+-_2677_3537,2677,3537,2677_3537,1,CAAGAGGCTCATAAAAGGAGTCTATAGACCgaatggcatggtggaatgcaagttcccatt,AATGGGAACTTGCATTCCACCATGCCATTCGGTCTATAGACTCCTTTTATGAGCCTCTTG,+-_2677_3537,,+-_2677_3537,1
5cb/sb,3537,2677,2,+-,3537_2677,+-_3537_2677,2677,3537,2677_3537,1,AATGGGAACTTGCATTCCACCATGCCATTCggtctatagactccttttatgagcctcttg,CAAGAGGCTCATAAAAGGAGTCTATAGACCGAATGGCATGGTGGAATGCAAGTTCCCATT,,+-_2677_3537,+-_2677_3537,1
5cb/sb,762,8125,2,+-,762_8125,+-_762_8125,762,8125,762_8125,1,CGCTTCACAAGACACCGTCAATGAAGAAGAcctttgaacttcttgacgagtgtaccatct,AGATGGTACACTCGTCAAGAAGTTCAAAGGTCTTCTTCATTGACGGTGTCTTGTGAAGCG,+-_762_8125,,+-_762_8125,1
5cb/sb,8125,762,1,+-,8125_762,+-_8125_762,762,8125,762_8125,1,AGATGGTACACTCGTCAAGAAGTTCAAAGGtcttcttcattgacggtgtcttgtgaagcg,CGCTTCACAAGACACCGTCAATGAAGAAGACCTTTGAACTTCTTGACGAGTGTACCATCT,,+-_762_8125,+-_762_8125,1
5cb/sb,7657,1705,1,+-,7657_1705,+-_7657_1705,1705,7657,1705_7657,0,TGAGTTCACACCTGAGATGAAAGAAGAAATcgtgctatctcaagcaaatgtttcgtggcc,GGCCACGAAACATTTGCTTGAGATAGCACGATTTCTTCTTTCATCTCAGGTGTGAACTCA,,+-_1706_7656,+-_1706_7656,1
5cb/sb,8980,1038,4,+-,8980_1038,+-_8980_1038,1038,8980,1038_8980,0,ACCCAGACTTAAGAGCCTAACAAGCAAAATttatggttgttttgttacccgagtacctgc,GCAGGTACTCGGGTAACAAAACAACCATAAATTTTGCTTGTTAGGCTCTTAAGTCTGGGT,,+-_1039_8979,+-_1039_8979,1
5cb/sb,3460,7774,1,+-,3460_7774,+-_3460_7774,3460,7774,3460_7774,0,CGCCGAGGCGAATCACATCGTCACCACGCAgtaaacgtccgtgttttgtttgcttccact,AGTGGAAGCAAACAAAACACGGACGTTTACTGCGTGGTGACGATGTGATTCGCCTCGGCG,+-_3458_7776,,+-_3458_7776,1
5cb/sb,7776,3458,1,+-,7776_3458,+-_7776_3458,3458,7776,3458_7776,1,TGGAAGCAAACAAAACACGGACGTTTACTGcgtggtgacgatgtgattcgcctcggcggt,ACCGCCGAGGCGAATCACATCGTCACCACGCAGTAAACGTCCGTGTTTTGTTTGCTTCCA,,+-_3458_7776,+-_3458_7776,1
5cb/sb,7710,5359,2,+-,7710_5359,+-_7710_5359,5359,7710,5359_7710,1,TCTTCTTAGGAAAGATGGGAGTGTGGAACGtcacctttgaatttgacaatcacatcccac,GTGGGATGTGATTGTCAAATTCAAAGGTGACGTTCCACACTCCCATCTTTCCTAAGAAGA,,+-_5359_7710,+-_5359_7710,1
5cb/sb,6288,7967,3,+-,6288_7967,+-_6288_7967,6288,7967,6288_7967,0,ATAAGACAATTCAGGCCTACTACATGAACAgctgtcaaactgtgagccatcagcatcaca,TGTGATGCTGATGGCTCACAGTTTGACAGCTGTTCATGTAGTAGGCCTGAATTGTCTTAT,,+-_7968_6287,+-_7968_6287,1
5cb/sb,7968,6287,1,+-,7968_6287,+-_7968_6287,6287,7968,6287_7968,1,GTGATGCTGATGGCTCACAGTTTGACAGCTgttcatgtagtaggcctgaattgtcttatt,AATAAGACAATTCAGGCCTACTACATGAACAGCTGTCAAACTGTGAGCCATCAGCATCAC,+-_7968_6287,,+-_7968_6287,1
5cb/sb,9177,9776,1,+-,9177_9776,+-_9177_9776,9177,9776,9177_9776,1,TTATTCTCAATGGTTTAATGGTCTGGTGCActaacaccaataaaatgttcggcgaaaata,TATTTTCGCCGAACATTTTATTGGTGTTAGTGCACCAGACCATTAAACCATTGAGAATAA,,+-_9776_9177,+-_9776_9177,1
5cb/sb,9776,9177,1,+-,9776_9177,+-_9776_9177,9177,9776,9177_9776,1,TATTTTCGCCGAACATTTTATTGGTGTTAGtgcaccagaccattaaaccattgagaataa,TTATTCTCAATGGTTTAATGGTCTGGTGCACTAACACCAATAAAATGTTCGGCGAAAATA,+-_9776_9177,,+-_9776_9177,1
Deletion_forward,55,8684,1,++,55_8684,++_55_8684,55,8684,55_8684,1,ACACAAAACGATAAAAGCAAACGCAGACCTggatctcacccattatttgcaagcaatctt,AAGATTGCTTGCAAATAATGGGTGAGATCCAGGTCTGCGTTTGCTTTTATCGTTTTGTGT,++_55_8684,,++_55_8684,1
Deletion_forward,1909,8273,1,++,1909_8273,++_1909_8273,1909,8273,1909_8273,1,CTACTTTGAGATAATCGATCCAAAGAAAGGaagcgtacacccagagtatgagtatatcct,AGGATATACTCATACTCTGGGTGTACGCTTCCTTTCTTTGGATCGATTATCTCAAAGTAG,,--_8273_1909,--_8273_1909,1
Deletion_forward,50,6093,1,++,50_6093,++_50_6093,50,6093,50_6093,0,AACATACACAAAACGATAAAAGCAAACGCAtttgatcctgaagatttctctgcagttcgt,ACGAACTGCAGAGAAATCTTCAGGATCAAATGCGTTTGCTTTTATCGTTTTGTGTATGTT,,--_6092_49,--_6092_49,1
Deletion_forward,745,6507,3,++,745_6507,++_745_6507,745,6507,745_6507,1,GGTTCACACAAAGTGGCCGCTTCACAAGACtacaacccaatatcaaacaacatttgtcat,ATGACAAATGTTGTTTGATATTGGGTTGTAGTCTTGTGAAGCGGCCACTTTGTGTGAACC,++_745_6507,,++_745_6507,1
Deletion_forward,706,6227,4,++,706_6227,++_706_6227,706,6227,706_6227,0,TGGAGGAGGACTCTCTGCGAGCGCGATCGAggatgagttggatccaaatgaaatacgtgt,ACACGTATTTCATTTGGATCCAACTCATCCTCGATCGCGCTCGCAGAGAGTCCTCCTCCA,,--_6225_704,--_6225_704,1
Deletion_forward,3002,8256,4,++,3002_8256,++_3002_8256,3002,8256,3002_8256,0,TGTAACAGATTCATGGGCATGCTTTTGCACggagatgatttactgctaagcgtacaccca,TGGGTGTACGCTTAGCAGTAAATCATCTCCGTGCAAAAGCATGCCCATGAATCTGTTACA,,--_8254_3000,--_8254_3000,1
Deletion_forward,1784,6060,1,++,1784_6060,++_1784_6060,1784,6060,1784_6060,1,TTTCGCAACAAGATCTCCCAGAAAGCGCACcacaaaaacaggaagttcatcaatatgtat,ATACATATTGATGAACTTCCTGTTTTTGTGGTGCGCTTTCTGGGAGATCTTGTTGCGAAA,++_1784_6060,,++_1784_6060,1
Deletion_forward,4479,8665,1,++,4479_8665,++_4479_8665,4479,8665,4479_8665,1,TCTCCACTCAATACCCCGTGTCAATAAGCAataaggaaccagctcaagaggatctcaccc,GGGTGAGATCCTCTTGAGCTGGTTCCTTATTGCTTATTGACACGGGGTATTGAGTGGAGA,,--_8665_4479,--_8665_4479,1
Deletion_forward,2964,6926,7,++,2964_6926,++_2964_6926,2964,6926,2964_6926,0,CTAATGTTAATGGACCAGATGACGCAGCCAatgcggaagtccaatggtgagcacgaaaga,TCTTTCGTGCTCACCATTGGACTTCCGCATTGGCTGCGTCATCTGGTCCATTAACATTAG,++_2963_6925,,++_2963_6925,1
Deletion_forward,5893,9642,3,++,5893_9642,++_5893_9642,5893,9642,5893_9642,1,CCTGCGGTCAAAGATCTCTGAACCCGTAACtataagtatttaagtttactcgttagtatt,AATACTAACGAGTAAACTTAAATACTTATAGTTACGGGTTCAGAGATCTTTGACCGCAGG,,--_9642_5893,--_9642_5893,1
Deletion_forward,5066,8596,2,++,5066_8596,++_5066_8596,5066,8596,5066_8596,0,GTAACGGTGAAGCAGGCACGAACAATGTCTttagctccttagcacaagaagggaaagctc,GAGCTTTCCCTTCTTGTGCTAAGGAGCTAAAGACATTGTTCGTGCCTGCTTCACCGTTAC,,--_8595_5065,--_8595_5065,1
Deletion_forward,3859,7242,4,++,3859_7242,++_3859_7242,3859,7242,3859_7242,1,TGACTTGAGCGAGAGGAATCTCTTCGTCGAgggaacctgaaagcggtagcacactgccct,AGGGCAGTGTGCTACCGCTTTCAGGTTCCCTCGACGAAGAGATTCCTCTCGCTCAAGTCA,,--_7242_3859,--_7242_3859,1
Deletion_forward,5016,8357,2,++,5016_8357,++_5016_8357,5016,8357,5016_8357,1,ATGGGCTTCCAGTGATCACCAACAACGTCTaaggaccagggaaaaaggagacctttggtt,AACCAAAGGTCTCCTTTTTCCCTGGTCCTTAGACGTTGTTGGTGATCACTGGAAGCCCAT,++_5016_8357,,++_5016_8357,1
Deletion_forward,4019,7017,1,++,4019_7017,++_4019_7017,4019,7017,4019_7017,0,ACTTTTACCAGAGCAACTGCCACGGAAGTCgctttcccagacgattttgccgagaagtat,ATACTTCTCGGCAAAATCGTCTGGGAAAGCGACTTCCGTGGCAGTTGCTCTGGTAAAAGT,,,,0
Deletion_forward,4022,7019,1,++,4022_7019,++_4022_7019,4022,7019,4022_7019,1,TTTACCAGAGCAACTGCCACGGAAGTCGCGtttcccagacgattttgccgagaagtatct,AGATACTTCTCGGCAAAATCGTCTGGGAAACGCGACTTCCGTGGCAGTTGCTCTGGTAAA,++_4022_7019,,++_4022_7019,1
Deletion_forward,4166,6105,1,++,4166_6105,++_4166_6105,4166,6105,4166_6105,1,GAGCCAACTCGGCCACTTGCAGAAAACGTAgatttctctgcagttcgtttcgtggatcca,TGGATCCACGAAACGAACTGCAGAGAAATCTACGTTTTCTGCAAGTGGCCGAGTTGGCTC,++_4166_6105,,++_4166_6105,1
Deletion_forward,3516,5147,2,++,3516_5147,++_3516_5147,3516,5147,3516_5147,1,AGACAGAGCGCAGGAAAATAGAATGGGAACaaagagattcaaactcagagactctgagat,ATCTCAGAGTCTCTGAGTTTGAATCTCTTTGTTCCCATTCTATTTTCCTGCGCTCTGTCT,,--_5147_3516,--_5147_3516,1
Deletion_forward,2366,3648,1,++,2366_3648,++_2366_3648,2366,3648,2366_3648,0,GAACTTGGCAAGTGGCCCACTCTGTTAGATcatcaagcaaagagacaatccgagcaagaa,TTCTTGCTCGGATTGTCTCTTTGCTTGATGATCTAACAGAGTGGGCCACTTGCCAAGTTC,++_2365_3647,,++_2365_3647,1
Deletion_forward,1051,2302,1,++,1051_2302,++_1051_2302,1051,2302,1051_2302,1,TAACAAAACAACCATAAATCCAGGAGTGGTagttcacgaaagttgttagggataaactag,CTAGTTTATCCCTAACAACTTTCGTGAACTACCACTCCTGGATTTATGGTTGTTTTGTTA,,--_2302_1051,--_2302_1051,1
Deletion_forward,8650,9349,4,++,8650_9349,++_8650_9349,8650,9349,8650_9349,0,AGCTCCTTACATAGCGGAAACAGCGCTGAGaccgaccatacatgccacgatatggtcttc,GAAGACCATATCGTGGCATGTATGGTCGGTCTCAGCGCTGTTTCCGCTATGTAAGGAGCT,++_8649_9348,,++_8649_9348,1
Deletion_forward,4533,4797,2,++,4533_4797,++_4533_4797,4533,4797,4533_4797,1,ATTTTGTGAACGCACAGGGTAGTGGAAGCAtaccttgacacagacagtagaatgcttagc,GCTAAGCATTCTACTGTCTGTGTCAAGGTATGCTTCCACTACCCTGTGCGTTCACAAAAT,++_4533_4797,,++_4533_4797,1
Deletion_forward,4560,4654,3,++,4560_4654,++_4560_4654,4560,4654,4560_4654,1,GCAACTGTGATGTGATTTCAAAAGGAGACAgaacgatgaaagttggaaacatcgagatca,TGATCTCGATGTTTCCAACTTTCATCGTTCTGTCTCCTTTTGAAATCACATCACAGTTGC,,--_4654_4560,--_4654_4560,1
Deletion_forward,8824,8872,1,++,8824_8872,++_8824_8872,8824,8872,8824_8872,0,GAAGCAGGCGGAAAAGGAGAAGAAGGAGAGagaaaggcaaggatgttgcgcaagaagagg,CCTCTTCTTGCGCAACATCCTTGCCTTTCTCTCTCCTTCTTCTCCTTTTCCGCCTGCTTC,,,,0
Deletion_forward,6000,6040,2,++,6000_6040,++_6000_6040,6000,6040,6000_6040,1,TATACGGAGATGATGACACCATAGAGCACTgcaggacacgtggtatcgggcacaaaaaca,TGTTTTTGTGCCCGATACCACGTGTCCTGCAGTGCTCTATGGTGTCATCATCTCCGTATA,++_6000_6040,,++_6000_6040,1
Insertion_forward,3792,3598,2,++,3792_3598,++_3792_3598,3598,3792,3598_3792,1,AGCTTAAGGGACTAGTCGCCACTGTCGAACaggcaccacatctaagtgagcatatcgagc,GCTCGATATGCTCACTTAGATGTGGTGCCTGTTCGACAGTGGCGACTAGTCCCTTAAGCT,++_3792_3598,,++_3792_3598,1
Insertion_forward,490,176,3,++,490_176,++_490_176,176,490,176_490,1,CAAGGAGAGAGCACTCTTTTTGGACTGGGAcaagccagcatccaccggaatggtacagtt,AACTGTACCATTCCGGTGGATGCTGGCTTGTCCCAGTCCAAAAAGAGTGCTCTCTCCTTG,,--_176_490,--_176_490,1
Insertion_forward,5219,4604,1,++,5219_4604,++_5219_4604,4604,5219,4604_5219,0,TTAGCCATACCTCACCGAGGAGTGAACGCTttcaaaacttttaattgaaagagacttcaa,TTGAAGTCTCTTTCAATTAAAAGTTTTGAAAGCGTTCACTCCTCGGTGAGGTATGGCTAA,++_5215_4600,,++_5215_4600,1
Insertion_forward,5220,4605,2,++,5220_4605,++_5220_4605,4605,5220,4605_5220,0,TAGCCATACCTCACCGAGGAGTGAACGCTTtcaaaacttttaattgaaagagacttcaaa,TTTGAAGTCTCTTTCAATTAAAAGTTTTGAAAGCGTTCACTCCTCGGTGAGGTATGGCTA,++_5215_4600,,++_5215_4600,1
Insertion_forward,8365,7470,2,++,8365_7470,++_8365_7470,7470,8365,7470_8365,1,CCTGAAGTATACTTTCGACTCAAGGACCAGctgtttgaaaagacagttgaaatagtcgta,TACGACTATTTCAACTGTCTTTTCAAACAGCTGGTCCTTGAGTCGAAAGTATACTTCAGG,++_8365_7470,,++_8365_7470,1
Insertion_forward,1973,1071,1,++,1973_1071,++_1973_1071,1071,1973,1071_1973,0,GGGTCACGGAAACTTGCAATCGGCAAACTAatagtcgttagagatggaattctaacccag,CTGGGTTAGAATTCCATCTCTAACGACTATTAGTTTGCCGATTGCAAGTTTCCGTGACCC,,--_1072_1974,--_1072_1974,1
Insertion_forward,1979,1077,2,++,1979_1077,++_1979_1077,1077,1979,1077_1979,0,CGGAAACTTGCAATCGGCAAACTAATAGTCgttagagatggaattctaacccagaaacga,TCGTTTCTGGGTTAGAATTCCATCTCTAACGACTATTAGTTTGCCGATTGCAAGTTTCCG,,--_1072_1974,--_1072_1974,1
Insertion_forward,4062,2928,1,++,4062_2928,++_4062_2928,2928,4062,2928_4062,0,CACACGAAAGTGACAGAGACATATTGCTAAgctaaggctaatgttaatggaccagatgac,GTCATCTGGTCCATTAACATTAGCCTTAGCTTAGCAATATGTCTCTGTCACTTTCGTGTG,++_4061_2927,,++_4061_2927,1
Insertion_forward,4846,3613,3,++,4846_3613,++_4846_3613,3613,4846,3613_4846,0,AATGCTTAGCACAACAAAGGCAAGCATCAAgtgagcatatcgagcctgaagaaaaggcag,CTGCCTTTTCTTCAGGCTCGATATGCTCACTTGATGCTTGCCTTTGTTGTGCTAAGCATT,++_4845_3612,,++_4845_3612,1
Insertion_forward,8760,7504,2,++,8760_7504,++_8760_7504,7504,8760,7504_8760,0,GTGCTGAGACTTGTGTTTATCACCAGGCAGatctgcgaggttatggtttcgaaacatgca,TGCATGTTTCGAAACCATAACCTCGCAGATCTGCCTGGTGATAAACACAAGTCTCAGCAC,,--_7501_8757,--_7501_8757,1
Insertion_forward,8812,6901,1,++,8812_6901,++_8812_6901,6901,8812,6901_8812,1,GACAGATGAGCAGAAGCAGGCGGAAAAGGAactggattagcacgaaagacggtcaatgcg,CGCATTGACCGTCTTTCGTGCTAATCCAGTTCCTTTTCCGCCTGCTTCTGCTCATCTGTC,,--_6901_8812,--_6901_8812,1
Insertion_forward,7574,5084,3,++,7574_5084,++_7574_5084,5084,7574,5084_7574,1,GATGAGAATGACATATTCGAAGCTCTTAACgttctacacaagccaagtggtgagatatga,TCATATCTCACCACTTGGCTTGTGTAGAACGTTAAGAGCTTCGAATATGTCATTCTCATC,++_7574_5084,,++_7574_5084,1
Insertion_forward,4275,1502,3,++,4275_1502,++_4275_1502,1502,4275,1502_4275,1,CAATCTCAGTAATGACCAGTGGTTTTGCACgcagatactagataggtatgagcaagcact,AGTGCTTGCTCATACCTATCTAGTATCTGCGTGCAAAACCACTGGTCATTACTGAGATTG,++_4275_1502,,++_4275_1502,1
Insertion_forward,8484,5149,2,++,8484_5149,++_8484_5149,5149,8484,5149_8484,1,CGATTTTAGAATGGGATCGGTCGAAAGAGCagagattcaaactcagagactctgagattg,CAATCTCAGAGTCTCTGAGTTTGAATCTCTGCTCTTTCGACCGATCCCATTCTAAAATCG,,--_5149_8484,--_5149_8484,1
Insertion_forward,5741,1803,2,++,5741_1803,++_5741_1803,1803,5741,1803_5741,1,TATGGAGCGCTTGAGGCAGTTCACCATCAAtgcgacaaccagctcgatagaaatggaaat,ATTTCCATTTCTATCGAGCTGGTTGTCGCATTGATGGTGAACTGCCTCAAGCGCTCCATA,,--_1803_5741,--_1803_5741,1
Insertion_forward,7826,3885,2,++,7826_3885,++_7826_3885,3885,7826,3885_7826,1,CTGGGTGGAAAGGTCTGCGTGGATGATTTCgtgctccaacaacttccagctgaaaagaca,TGTCTTTTCAGCTGGAAGTTGTTGGAGCACGAAATCATCCACGCAGACCTTTCCACCCAG,,--_3885_7826,--_3885_7826,1
Insertion_forward,8076,3193,1,++,8076_3193,++_8076_3193,3193,8076,3193_8076,1,TGCTGAGAAATTTGTACACCGAAATCGTGTtgaaaagcgaagccgatttaggcggcagat,ATCTGCCGCCTAAATCGGCTTCGCTTTTCAACACGATTTCGGTGTACAAATTTCTCAGCA,++_8076_3193,,++_8076_3193,1
Insertion_forward,5443,553,2,++,5443_553,++_5443_553,553,5443,553_5443,0,ACAGACGGACGTCAACTCCATACAGCGAACgtggcgtcagtaagatagtgcccaggagtt,AACTCCTGGGCACTATCTTACTGACGCCACGTTCGCTGTATGGAGTTGACGTCCGTCTGT,,--_552_5442,--_552_5442,1
Insertion_forward,7884,2984,1,++,7884_2984,++_7884_2984,2984,7884,2984_7884,0,GAGCTCCTTGGAGTGTTGGCATGACAAAGTcatgggcatgcttttgcacatggcagaacc,GGTTCTGCCATGTGCAAAAGCATGCCCATGACTTTGTCATGCCAACACTCCAAGGAGCTC,,--_2983_7883,--_2983_7883,1
Insertion_forward,8224,2747,1,++,8224_2747,++_8224_2747,2747,8224,2747_8224,0,ACTCAAGAAAAGCGGAATTCCAAGTGAGTTcatcctggcattttacaatagtggatctct,AGAGATCCACTATTGTAAAATGCCAGGATGAACTCACTTGGAATTCCGCTTTTCTTGAGT,++_8223_2746,,++_8223_2746,1
Insertion_forward,8779,3087,3,++,8779_3087,++_8779_3087,3087,8779,3087_8779,1,TCACCAGGCAGGTGAGACGCCTGATGCAGGctacaaatcttggacgaggcatggaacgag,CTCGTTCCATGCCTCGTCCAAGATTTGTAGCCTGCATCAGGCGTCTCACCTGCCTGGTGA,,--_3087_8779,--_3087_8779,1
Insertion_forward,7321,1004,4,++,7321_1004,++_7321_1004,1004,7321,1004_7321,1,CACAGTTAAAGGAAAATGTCAGATGTTTGAtctcagcaggtactcgggtaacaaaacaac,GTTGTTTTGTTACCCGAGTACCTGCTGAGATCAAACATCTGACATTTTCCTTTAACTGTG,++_7321_1004,,++_7321_1004,1
Insertion_forward,8581,1436,2,++,8581_1436,++_8581_1436,1436,8581,1436_8581,1,CGAGATACGTAAGTTTTATGCGTGGATGATgaagcacaggttaacgcagctacgcgatgt,ACATCGCGTAGCTGCGTTAACCTGTGCTTCATCATCCACGCATAAAACTTACGTATCTCG,++_8581_1436,,++_8581_1436,1
Insertion_forward,8834,921,3,++,8834_921,++_8834_921,921,8834,921_8834,0,GAAAAGGAGAAGAAGGAGAGAGAGAAGGCAaggatccaagtagtacacttactcgggaag,CTTCCCGAGTAAGTGTACTACTTGGATCCTTGCCTTCTCTCTCTCCTTCTTCTCCTTTTC,,--_918_8831,--_918_8831,1
