BP,RI,read_counts_virema,sense,DVG_type,ID_DI,cID_DI,start,end,id,TP_exact,seq_around_junction,seq_around_junction_reverseCompl,inWholeSeq,inWholeSeq_asRevCompl,in_idSeq,TP_seq
2964,6926,9,++,Deletion_forward,2964_6926,++_2964_6926,2964,6926,2964_6926,0,CTAATGTTAATGGACCAGATGACGCAGCCAatgcggaagtccaatggtgagcacgaaaga,TCTTTCGTGCTCACCATTGGACTTCCGCATTGGCTGCGTCATCTGGTCCATTAACATTAG,++_2963_6925,,++_2963_6925,1
5016,8357,7,++,Deletion_forward,5016_8357,++_5016_8357,5016,8357,5016_8357,1,ATGGGCTTCCAGTGATCACCAACAACGTCTaaggaccagggaaaaaggagacctttggtt,AACCAAAGGTCTCCTTTTTCCCTGGTCCTTAGACGTTGTTGGTGATCACTGGAAGCCCAT,++_5016_8357,,++_5016_8357,1
6000,6040,7,++,Deletion_forward,6000_6040,++_6000_6040,6000,6040,6000_6040,1,TATACGGAGATGATGACACCATAGAGCACTgcaggacacgtggtatcgggcacaaaaaca,TGTTTTTGTGCCCGATACCACGTGTCCTGCAGTGCTCTATGGTGTCATCATCTCCGTATA,++_6000_6040,,++_6000_6040,1
4022,7019,6,++,Deletion_forward,4022_7019,++_4022_7019,4022,7019,4022_7019,1,TTTACCAGAGCAACTGCCACGGAAGTCGCGtttcccagacgattttgccgagaagtatct,AGATACTTCTCGGCAAAATCGTCTGGGAAACGCGACTTCCGTGGCAGTTGCTCTGGTAAA,++_4022_7019,,++_4022_7019,1
706,6227,6,++,Deletion_forward,706_6227,++_706_6227,706,6227,706_6227,0,TGGAGGAGGACTCTCTGCGAGCGCGATCGAggatgagttggatccaaatgaaatacgtgt,ACACGTATTTCATTTGGATCCAACTCATCCTCGATCGCGCTCGCAGAGAGTCCTCCTCCA,,--_6225_704,--_6225_704,1
4479,8665,6,++,Deletion_forward,4479_8665,++_4479_8665,4479,8665,4479_8665,1,TCTCCACTCAATACCCCGTGTCAATAAGCAataaggaaccagctcaagaggatctcaccc,GGGTGAGATCCTCTTGAGCTGGTTCCTTATTGCTTATTGACACGGGGTATTGAGTGGAGA,,--_8665_4479,--_8665_4479,1
1051,2302,6,++,Deletion_forward,1051_2302,++_1051_2302,1051,2302,1051_2302,1,TAACAAAACAACCATAAATCCAGGAGTGGTagttcacgaaagttgttagggataaactag,CTAGTTTATCCCTAACAACTTTCGTGAACTACCACTCCTGGATTTATGGTTGTTTTGTTA,,--_2302_1051,--_2302_1051,1
5741,1803,6,++,Insertion_forward,5741_1803,++_5741_1803,1803,5741,1803_5741,1,TATGGAGCGCTTGAGGCAGTTCACCATCAAtgcgacaaccagctcgatagaaatggaaat,ATTTCCATTTCTATCGAGCTGGTTGTCGCATTGATGGTGAACTGCCTCAAGCGCTCCATA,,--_1803_5741,--_1803_5741,1
2366,3648,5,++,Deletion_forward,2366_3648,++_2366_3648,2366,3648,2366_3648,0,GAACTTGGCAAGTGGCCCACTCTGTTAGATcatcaagcaaagagacaatccgagcaagaa,TTCTTGCTCGGATTGTCTCTTTGCTTGATGATCTAACAGAGTGGGCCACTTGCCAAGTTC,++_2365_3647,,++_2365_3647,1
8076,3193,5,++,Insertion_forward,8076_3193,++_8076_3193,3193,8076,3193_8076,1,TGCTGAGAAATTTGTACACCGAAATCGTGTtgaaaagcgaagccgatttaggcggcagat,ATCTGCCGCCTAAATCGGCTTCGCTTTTCAACACGATTTCGGTGTACAAATTTCTCAGCA,++_8076_3193,,++_8076_3193,1
5220,4605,5,++,Insertion_forward,5220_4605,++_5220_4605,4605,5220,4605_5220,0,TAGCCATACCTCACCGAGGAGTGAACGCTTtcaaaacttttaattgaaagagacttcaaa,TTTGAAGTCTCTTTCAATTAAAAGTTTTGAAAGCGTTCACTCCTCGGTGAGGTATGGCTA,++_5215_4600,,++_5215_4600,1
3792,3598,5,++,Insertion_forward,3792_3598,++_3792_3598,3598,3792,3598_3792,1,AGCTTAAGGGACTAGTCGCCACTGTCGAACaggcaccacatctaagtgagcatatcgagc,GCTCGATATGCTCACTTAGATGTGGTGCCTGTTCGACAGTGGCGACTAGTCCCTTAAGCT,++_3792_3598,,++_3792_3598,1
4062,2928,5,++,Insertion_forward,4062_2928,++_4062_2928,2928,4062,2928_4062,0,CACACGAAAGTGACAGAGACATATTGCTAAgctaaggctaatgttaatggaccagatgac,GTCATCTGGTCCATTAACATTAGCCTTAGCTTAGCAATATGTCTCTGTCACTTTCGTGTG,++_4061_2927,,++_4061_2927,1
8760,7504,5,++,Insertion_forward,8760_7504,++_8760_7504,7504,8760,7504_8760,0,GTGCTGAGACTTGTGTTTATCACCAGGCAGatctgcgaggttatggtttcgaaacatgca,TGCATGTTTCGAAACCATAACCTCGCAGATCTGCCTGGTGATAAACACAAGTCTCAGCAC,,--_7501_8757,--_7501_8757,1
8834,921,5,++,Insertion_forward,8834_921,++_8834_921,921,8834,921_8834,0,GAAAAGGAGAAGAAGGAGAGAGAGAAGGCAaggatccaagtagtacacttactcgggaag,CTTCCCGAGTAAGTGTACTACTTGGATCCTTGCCTTCTCTCTCTCCTTCTTCTCCTTTTC,,--_918_8831,--_918_8831,1
490,176,5,++,Insertion_forward,490_176,++_490_176,176,490,176_490,1,CAAGGAGAGAGCACTCTTTTTGGACTGGGAcaagccagcatccaccggaatggtacagtt,AACTGTACCATTCCGGTGGATGCTGGCTTGTCCCAGTCCAAAAAGAGTGCTCTCTCCTTG,,--_176_490,--_176_490,1
1979,1077,5,++,Insertion_forward,1979_1077,++_1979_1077,1077,1979,1077_1979,0,CGGAAACTTGCAATCGGCAAACTAATAGTCgttagagatggaattctaacccagaaacga,TCGTTTCTGGGTTAGAATTCCATCTCTAACGACTATTAGTTTGCCGATTGCAAGTTTCCG,,--_1072_1974,--_1072_1974,1
7826,3885,5,++,Insertion_forward,7826_3885,++_7826_3885,3885,7826,3885_7826,1,CTGGGTGGAAAGGTCTGCGTGGATGATTTCgtgctccaacaacttccagctgaaaagaca,TGTCTTTTCAGCTGGAAGTTGTTGGAGCACGAAATCATCCACGCAGACCTTTCCACCCAG,,--_3885_7826,--_3885_7826,1
8779,3087,5,++,Insertion_forward,8779_3087,++_8779_3087,3087,8779,3087_8779,1,TCACCAGGCAGGTGAGACGCCTGATGCAGGctacaaatcttggacgaggcatggaacgag,CTCGTTCCATGCCTCGTCCAAGATTTGTAGCCTGCATCAGGCGTCTCACCTGCCTGGTGA,,--_3087_8779,--_3087_8779,1
1784,6060,4,++,Deletion_forward,1784_6060,++_1784_6060,1784,6060,1784_6060,1,TTTCGCAACAAGATCTCCCAGAAAGCGCACcacaaaaacaggaagttcatcaatatgtat,ATACATATTGATGAACTTCCTGTTTTTGTGGTGCGCTTTCTGGGAGATCTTGTTGCGAAA,++_1784_6060,,++_1784_6060,1
4166,6105,4,++,Deletion_forward,4166_6105,++_4166_6105,4166,6105,4166_6105,1,GAGCCAACTCGGCCACTTGCAGAAAACGTAgatttctctgcagttcgtttcgtggatcca,TGGATCCACGAAACGAACTGCAGAGAAATCTACGTTTTCTGCAAGTGGCCGAGTTGGCTC,++_4166_6105,,++_4166_6105,1
745,6507,4,++,Deletion_forward,745_6507,++_745_6507,745,6507,745_6507,1,GGTTCACACAAAGTGGCCGCTTCACAAGACtacaacccaatatcaaacaacatttgtcat,ATGACAAATGTTGTTTGATATTGGGTTGTAGTCTTGTGAAGCGGCCACTTTGTGTGAACC,++_745_6507,,++_745_6507,1
4275,1502,4,++,Insertion_forward,4275_1502,++_4275_1502,1502,4275,1502_4275,1,CAATCTCAGTAATGACCAGTGGTTTTGCACgcagatactagataggtatgagcaagcact,AGTGCTTGCTCATACCTATCTAGTATCTGCGTGCAAAACCACTGGTCATTACTGAGATTG,++_4275_1502,,++_4275_1502,1
7321,1004,4,++,Insertion_forward,7321_1004,++_7321_1004,1004,7321,1004_7321,1,CACAGTTAAAGGAAAATGTCAGATGTTTGAtctcagcaggtactcgggtaacaaaacaac,GTTGTTTTGTTACCCGAGTACCTGCTGAGATCAAACATCTGACATTTTCCTTTAACTGTG,++_7321_1004,,++_7321_1004,1
4846,3613,4,++,Insertion_forward,4846_3613,++_4846_3613,3613,4846,3613_4846,0,AATGCTTAGCACAACAAAGGCAAGCATCAAgtgagcatatcgagcctgaagaaaaggcag,CTGCCTTTTCTTCAGGCTCGATATGCTCACTTGATGCTTGCCTTTGTTGTGCTAAGCATT,++_4845_3612,,++_4845_3612,1
8365,7470,4,++,Insertion_forward,8365_7470,++_8365_7470,7470,8365,7470_8365,1,CCTGAAGTATACTTTCGACTCAAGGACCAGctgtttgaaaagacagttgaaatagtcgta,TACGACTATTTCAACTGTCTTTTCAAACAGCTGGTCCTTGAGTCGAAAGTATACTTCAGG,++_8365_7470,,++_8365_7470,1
3859,7242,4,++,Deletion_forward,3859_7242,++_3859_7242,3859,7242,3859_7242,1,TGACTTGAGCGAGAGGAATCTCTTCGTCGAgggaacctgaaagcggtagcacactgccct,AGGGCAGTGTGCTACCGCTTTCAGGTTCCCTCGACGAAGAGATTCCTCTCGCTCAAGTCA,,--_7242_3859,--_7242_3859,1
1909,8273,4,++,Deletion_forward,1909_8273,++_1909_8273,1909,8273,1909_8273,1,CTACTTTGAGATAATCGATCCAAAGAAAGGaagcgtacacccagagtatgagtatatcct,AGGATATACTCATACTCTGGGTGTACGCTTCCTTTCTTTGGATCGATTATCTCAAAGTAG,,--_8273_1909,--_8273_1909,1
5443,553,4,++,Insertion_forward,5443_553,++_5443_553,553,5443,553_5443,0,ACAGACGGACGTCAACTCCATACAGCGAACgtggcgtcagtaagatagtgcccaggagtt,AACTCCTGGGCACTATCTTACTGACGCCACGTTCGCTGTATGGAGTTGACGTCCGTCTGT,,--_552_5442,--_552_5442,1
7884,2984,4,++,Insertion_forward,7884_2984,++_7884_2984,2984,7884,2984_7884,0,GAGCTCCTTGGAGTGTTGGCATGACAAAGTcatgggcatgcttttgcacatggcagaacc,GGTTCTGCCATGTGCAAAAGCATGCCCATGACTTTGTCATGCCAACACTCCAAGGAGCTC,,--_2983_7883,--_2983_7883,1
4533,4797,3,++,Deletion_forward,4533_4797,++_4533_4797,4533,4797,4533_4797,1,ATTTTGTGAACGCACAGGGTAGTGGAAGCAtaccttgacacagacagtagaatgcttagc,GCTAAGCATTCTACTGTCTGTGTCAAGGTATGCTTCCACTACCCTGTGCGTTCACAAAAT,++_4533_4797,,++_4533_4797,1
8581,1436,3,++,Insertion_forward,8581_1436,++_8581_1436,1436,8581,1436_8581,1,CGAGATACGTAAGTTTTATGCGTGGATGATgaagcacaggttaacgcagctacgcgatgt,ACATCGCGTAGCTGCGTTAACCTGTGCTTCATCATCCACGCATAAAACTTACGTATCTCG,++_8581_1436,,++_8581_1436,1
7724,6110,3,++,Insertion_forward,7724_6110,++_7724_6110,6110,7724,6110_7724,1,ATGGGAGTGTGGAACGGCTCGTTGAAGGCActctgcagttcgtttcgtggatccactcac,GTGAGTGGATCCACGAAACGAACTGCAGAGTGCCTTCAACGAGCCGTTCCACACTCCCAT,++_7724_6110,,++_7724_6110,1
621,2957,3,++,Deletion_forward,621_2957,++_621_2957,621,2957,621_2957,1,TGAAGCAAAAGCGCGCAAGGGAAAGGCGTAcgcagccactcgcgcgtgtaacagattcat,ATGAATCTGTTACACGCGCGAGTGGCTGCGTACGCCTTTCCCTTGCGCGCTTTTGCTTCA,,--_2957_621,--_2957_621,1
3002,8256,3,++,Deletion_forward,3002_8256,++_3002_8256,3002,8256,3002_8256,0,TGTAACAGATTCATGGGCATGCTTTTGCACggagatgatttactgctaagcgtacaccca,TGGGTGTACGCTTAGCAGTAAATCATCTCCGTGCAAAAGCATGCCCATGAATCTGTTACA,,--_8254_3000,--_8254_3000,1
9229,8925,3,++,Insertion_forward,9229_8925,++_9229_8925,8925,9229,8925_9229,1,CATAAACGGAATGTGGGTGATGATGGACGGgccggaacctctggaactttcagtgtaccc,GGGTACACTGAAAGTTCCAGAGGTTCCGGCCCGTCCATCATCACCCACATTCCGTTTATG,,--_8925_9229,--_8925_9229,1
8484,5149,3,++,Insertion_forward,8484_5149,++_8484_5149,5149,8484,5149_8484,1,CGATTTTAGAATGGGATCGGTCGAAAGAGCagagattcaaactcagagactctgagattg,CAATCTCAGAGTCTCTGAGTTTGAATCTCTGCTCTTTCGACCGATCCCATTCTAAAATCG,,--_5149_8484,--_5149_8484,1
55,8684,2,++,Deletion_forward,55_8684,++_55_8684,55,8684,55_8684,1,ACACAAAACGATAAAAGCAAACGCAGACCTggatctcacccattatttgcaagcaatctt,AAGATTGCTTGCAAATAATGGGTGAGATCCAGGTCTGCGTTTGCTTTTATCGTTTTGTGT,++_55_8684,,++_55_8684,1
7574,5084,2,++,Insertion_forward,7574_5084,++_7574_5084,5084,7574,5084_7574,1,GATGAGAATGACATATTCGAAGCTCTTAACgttctacacaagccaagtggtgagatatga,TCATATCTCACCACTTGGCTTGTGTAGAACGTTAAGAGCTTCGAATATGTCATTCTCATC,++_7574_5084,,++_7574_5084,1
8224,2747,2,++,Insertion_forward,8224_2747,++_8224_2747,2747,8224,2747_8224,0,ACTCAAGAAAAGCGGAATTCCAAGTGAGTTcatcctggcattttacaatagtggatctct,AGAGATCCACTATTGTAAAATGCCAGGATGAACTCACTTGGAATTCCGCTTTTCTTGAGT,++_8223_2746,,++_8223_2746,1
4560,4654,2,++,Deletion_forward,4560_4654,++_4560_4654,4560,4654,4560_4654,1,GCAACTGTGATGTGATTTCAAAAGGAGACAgaacgatgaaagttggaaacatcgagatca,TGATCTCGATGTTTCCAACTTTCATCGTTCTGTCTCCTTTTGAAATCACATCACAGTTGC,,--_4654_4560,--_4654_4560,1
5066,8596,2,++,Deletion_forward,5066_8596,++_5066_8596,5066,8596,5066_8596,0,GTAACGGTGAAGCAGGCACGAACAATGTCTttagctccttagcacaagaagggaaagctc,GAGCTTTCCCTTCTTGTGCTAAGGAGCTAAAGACATTGTTCGTGCCTGCTTCACCGTTAC,,--_8595_5065,--_8595_5065,1
3516,5147,1,++,Deletion_forward,3516_5147,++_3516_5147,3516,5147,3516_5147,1,AGACAGAGCGCAGGAAAATAGAATGGGAACaaagagattcaaactcagagactctgagat,ATCTCAGAGTCTCTGAGTTTGAATCTCTTTGTTCCCATTCTATTTTCCTGCGCTCTGTCT,,--_5147_3516,--_5147_3516,1
8812,6901,1,++,Insertion_forward,8812_6901,++_8812_6901,6901,8812,6901_8812,1,GACAGATGAGCAGAAGCAGGCGGAAAAGGAactggattagcacgaaagacggtcaatgcg,CGCATTGACCGTCTTTCGTGCTAATCCAGTTCCTTTTCCGCCTGCTTCTGCTCATCTGTC,,--_6901_8812,--_6901_8812,1
6040,6000,10,--,Deletion_reverse,6040_6000,--_6040_6000,6000,6040,6000_6040,1,TGTTTTTGTGCCCGATACCACGTGTCCTGCagtgctctatggtgtcatcatctccgtata,TATACGGAGATGATGACACCATAGAGCACTGCAGGACACGTGGTATCGGGCACAAAAACA,,++_6000_6040,++_6000_6040,1
1071,1973,9,--,Insertion_reverse,1071_1973,--_1071_1973,1071,1973,1071_1973,0,CTGGGTTAGAATTCCATCTCTAACGACTATtagtttgccgattgcaagtttccgtgaccc,GGGTCACGGAAACTTGCAATCGGCAAACTAATAGTCGTTAGAGATGGAATTCTAACCCAG,--_1072_1974,,--_1072_1974,1
9680,7365,8,--,Deletion_reverse,9680_7365,--_9680_7365,7365,9680,7365_9680,1,GGCTGCTTTAACAAACTTACATATTTCCCAgttggaaatactctcgtgcttcatcatgca,TGCATGATGAAGCACGAGAGTATTTCCAACTGGGAAATATGTAAGTTTGTTAAAGCAGCC,,++_7365_9680,++_7365_9680,1
6110,7724,7,--,Insertion_reverse,6110_7724,--_6110_7724,6110,7724,6110_7724,1,GTGAGTGGATCCACGAAACGAACTGCAGAGtgccttcaacgagccgttccacactcccat,ATGGGAGTGTGGAACGGCTCGTTGAAGGCACTCTGCAGTTCGTTTCGTGGATCCACTCAC,,++_7724_6110,++_7724_6110,1
6225,704,7,--,Deletion_reverse,6225_704,--_6225_704,704,6225,704_6225,1,ACGTATTTCATTTGGATCCAACTCATCCTCgatcgcgctcgcagagagtcctcctccaat,ATTGGAGGAGGACTCTCTGCGAGCGCGATCGAGGATGAGTTGGATCCAAATGAAATACGT,--_6225_704,,--_6225_704,1
8357,5016,6,--,Deletion_reverse,8357_5016,--_8357_5016,5016,8357,5016_8357,1,AACCAAAGGTCTCCTTTTTCCCTGGTCCTTagacgttgttggtgatcactggaagcccat,ATGGGCTTCCAGTGATCACCAACAACGTCTAAGGACCAGGGAAAAAGGAGACCTTTGGTT,,++_5016_8357,++_5016_8357,1
1004,7321,6,--,Insertion_reverse,1004_7321,--_1004_7321,1004,7321,1004_7321,1,GTTGTTTTGTTACCCGAGTACCTGCTGAGAtcaaacatctgacattttcctttaactgtg,CACAGTTAAAGGAAAATGTCAGATGTTTGATCTCAGCAGGTACTCGGGTAACAAAACAAC,,++_7321_1004,++_7321_1004,1
3193,8076,6,--,Insertion_reverse,3193_8076,--_3193_8076,3193,8076,3193_8076,1,ATCTGCCGCCTAAATCGGCTTCGCTTTTCAacacgatttcggtgtacaaatttctcagca,TGCTGAGAAATTTGTACACCGAAATCGTGTTGAAAAGCGAAGCCGATTTAGGCGGCAGAT,,++_8076_3193,++_8076_3193,1
2746,8223,6,--,Insertion_reverse,2746_8223,--_2746_8223,2746,8223,2746_8223,1,GAGATCCACTATTGTAAAATGCCAGGATGAactcacttggaattccgcttttcttgagtg,CACTCAAGAAAAGCGGAATTCCAAGTGAGTTCATCCTGGCATTTTACAATAGTGGATCTC,,++_8223_2746,++_8223_2746,1
8665,4479,6,--,Deletion_reverse,8665_4479,--_8665_4479,4479,8665,4479_8665,1,GGGTGAGATCCTCTTGAGCTGGTTCCTTATtgcttattgacacggggtattgagtggaga,TCTCCACTCAATACCCCGTGTCAATAAGCAATAAGGAACCAGCTCAAGAGGATCTCACCC,--_8665_4479,,--_8665_4479,1
7242,3859,6,--,Deletion_reverse,7242_3859,--_7242_3859,3859,7242,3859_7242,1,AGGGCAGTGTGCTACCGCTTTCAGGTTCCCtcgacgaagagattcctctcgctcaagtca,TGACTTGAGCGAGAGGAATCTCTTCGTCGAGGGAACCTGAAAGCGGTAGCACACTGCCCT,--_7242_3859,,--_7242_3859,1
9640,5891,6,--,Deletion_reverse,9640_5891,--_9640_5891,5891,9640,5891_9640,0,TACTAACGAGTAAACTTAAATACTTATAGTtacgggttcagagatctttgaccgcaggtg,CACCTGCGGTCAAAGATCTCTGAACCCGTAACTATAAGTATTTAAGTTTACTCGTTAGTA,--_9642_5893,,--_9642_5893,1
8595,5065,6,--,Deletion_reverse,8595_5065,--_8595_5065,5065,8595,5065_8595,1,AGCTTTCCCTTCTTGTGCTAAGGAGCTAAAgacattgttcgtgcctgcttcaccgttaca,TGTAACGGTGAAGCAGGCACGAACAATGTCTTTAGCTCCTTAGCACAAGAAGGGAAAGCT,--_8595_5065,,--_8595_5065,1
2983,7883,6,--,Insertion_reverse,2983_7883,--_2983_7883,2983,7883,2983_7883,1,GTTCTGCCATGTGCAAAAGCATGCCCATGActttgtcatgccaacactccaaggagctct,AGAGCTCCTTGGAGTGTTGGCATGACAAAGTCATGGGCATGCTTTTGCACATGGCAGAAC,--_2983_7883,,--_2983_7883,1
6504,742,5,--,Deletion_reverse,6504_742,--_6504_742,742,6504,742_6504,0,ACAAATGTTGTTTGATATTGGGTTGTAGTCttgtgaagcggccactttgtgtgaacctct,AGAGGTTCACACAAAGTGGCCGCTTCACAAGACTACAACCCAATATCAAACAACATTTGT,,++_745_6507,++_745_6507,1
4600,5215,5,--,Insertion_reverse,4600_5215,--_4600_5215,4600,5215,4600_5215,1,AGTCTCTTTCAATTAAAAGTTTTGAAAGCGttcactcctcggtgaggtatggctaatttg,CAAATTAGCCATACCTCACCGAGGAGTGAACGCTTTCAAAACTTTTAATTGAAAGAGACT,,++_5215_4600,++_5215_4600,1
176,490,5,--,Insertion_reverse,176_490,--_176_490,176,490,176_490,1,AACTGTACCATTCCGGTGGATGCTGGCTTGtcccagtccaaaaagagtgctctctccttg,CAAGGAGAGAGCACTCTTTTTGGACTGGGACAAGCCAGCATCCACCGGAATGGTACAGTT,--_176_490,,--_176_490,1
3885,7826,5,--,Insertion_reverse,3885_7826,--_3885_7826,3885,7826,3885_7826,1,TGTCTTTTCAGCTGGAAGTTGTTGGAGCACgaaatcatccacgcagacctttccacccag,CTGGGTGGAAAGGTCTGCGTGGATGATTTCGTGCTCCAACAACTTCCAGCTGAAAAGACA,--_3885_7826,,--_3885_7826,1
3087,8779,5,--,Insertion_reverse,3087_8779,--_3087_8779,3087,8779,3087_8779,1,CTCGTTCCATGCCTCGTCCAAGATTTGTAGcctgcatcaggcgtctcacctgcctggtga,TCACCAGGCAGGTGAGACGCCTGATGCAGGCTACAAATCTTGGACGAGGCATGGAACGAG,--_3087_8779,,--_3087_8779,1
4795,4531,4,--,Deletion_reverse,4795_4531,--_4795_4531,4531,4795,4531_4795,0,TAAGCATTCTACTGTCTGTGTCAAGGTATGcttccactaccctgtgcgttcacaaaatcc,GGATTTTGTGAACGCACAGGGTAGTGGAAGCATACCTTGACACAGACAGTAGAATGCTTA,,++_4533_4797,++_4533_4797,1
6924,2962,4,--,Deletion_reverse,6924_2962,--_6924_2962,2962,6924,2962_6924,0,TTTCGTGCTCACCATTGGACTTCCGCATTGgctgcgtcatctggtccattaacattagcc,GGCTAATGTTAATGGACCAGATGACGCAGCCAATGCGGAAGTCCAATGGTGAGCACGAAA,,++_2963_6925,++_2963_6925,1
1502,4275,4,--,Insertion_reverse,1502_4275,--_1502_4275,1502,4275,1502_4275,1,AGTGCTTGCTCATACCTATCTAGTATCTGCgtgcaaaaccactggtcattactgagattg,CAATCTCAGTAATGACCAGTGGTTTTGCACGCAGATACTAGATAGGTATGAGCAAGCACT,,++_4275_1502,++_4275_1502,1
3598,3792,4,--,Insertion_reverse,3598_3792,--_3598_3792,3598,3792,3598_3792,1,GCTCGATATGCTCACTTAGATGTGGTGCCTgttcgacagtggcgactagtcccttaagct,AGCTTAAGGGACTAGTCGCCACTGTCGAACAGGCACCACATCTAAGTGAGCATATCGAGC,,++_3792_3598,++_3792_3598,1
2926,4060,4,--,Insertion_reverse,2926_4060,--_2926_4060,2926,4060,2926_4060,0,CATCTGGTCCATTAACATTAGCCTTAGCTTagcaatatgtctctgtcactttcgtgtgct,AGCACACGAAAGTGACAGAGACATATTGCTAAGCTAAGGCTAATGTTAATGGACCAGATG,,++_4061_2927,++_4061_2927,1
7470,8365,4,--,Insertion_reverse,7470_8365,--_7470_8365,7470,8365,7470_8365,1,TACGACTATTTCAACTGTCTTTTCAAACAGctggtccttgagtcgaaagtatacttcagg,CCTGAAGTATACTTTCGACTCAAGGACCAGCTGTTTGAAAAGACAGTTGAAATAGTCGTA,,++_8365_7470,++_8365_7470,1
2302,1051,4,--,Deletion_reverse,2302_1051,--_2302_1051,1051,2302,1051_2302,1,CTAGTTTATCCCTAACAACTTTCGTGAACTaccactcctggatttatggttgttttgtta,TAACAAAACAACCATAAATCCAGGAGTGGTAGTTCACGAAAGTTGTTAGGGATAAACTAG,--_2302_1051,,--_2302_1051,1
7501,8757,4,--,Insertion_reverse,7501_8757,--_7501_8757,7501,8757,7501_8757,1,ATGTTTCGAAACCATAACCTCGCAGATCTGcctggtgataaacacaagtctcagcaccat,ATGGTGCTGAGACTTGTGTTTATCACCAGGCAGATCTGCGAGGTTATGGTTTCGAAACAT,--_7501_8757,,--_7501_8757,1
9347,8648,3,--,Deletion_reverse,9347_8648,--_9347_8648,8648,9347,8648_9347,0,AGACCATATCGTGGCATGTATGGTCGGTCTcagcgctgtttccgctatgtaaggagcttt,AAAGCTCCTTACATAGCGGAAACAGCGCTGAGACCGACCATACATGCCACGATATGGTCT,,++_8649_9348,++_8649_9348,1
5083,7573,3,--,Insertion_reverse,5083_7573,--_5083_7573,5083,7573,5083_7573,0,CATATCTCACCACTTGGCTTGTGTAGAACGttaagagcttcgaatatgtcattctcatca,TGATGAGAATGACATATTCGAAGCTCTTAACGTTCTACACAAGCCAAGTGGTGAGATATG,,++_7574_5084,++_7574_5084,1
3611,4844,3,--,Insertion_reverse,3611_4844,--_3611_4844,3611,4844,3611_4844,0,GCCTTTTCTTCAGGCTCGATATGCTCACTTgatgcttgcctttgttgtgctaagcattct,AGAATGCTTAGCACAACAAAGGCAAGCATCAAGTGAGCATATCGAGCCTGAAGAAAAGGC,,++_4845_3612,++_4845_3612,1
4653,4559,3,--,Deletion_reverse,4653_4559,--_4653_4559,4559,4653,4559_4653,0,GATCTCGATGTTTCCAACTTTCATCGTTCTgtctccttttgaaatcacatcacagttgct,AGCAACTGTGATGTGATTTCAAAAGGAGACAGAACGATGAAAGTTGGAAACATCGAGATC,--_4654_4560,,--_4654_4560,1
8254,3000,3,--,Deletion_reverse,8254_3000,--_8254_3000,3000,8254,3000_8254,1,GGTGTACGCTTAGCAGTAAATCATCTCCGTgcaaaagcatgcccatgaatctgttacacg,CGTGTAACAGATTCATGGGCATGCTTTTGCACGGAGATGATTTACTGCTAAGCGTACACC,--_8254_3000,,--_8254_3000,1
918,8831,3,--,Insertion_reverse,918_8831,--_918_8831,918,8831,918_8831,1,CCCGAGTAAGTGTACTACTTGGATCCTTGCcttctctctctccttcttctccttttccgc,GCGGAAAAGGAGAAGAAGGAGAGAGAGAAGGCAAGGATCCAAGTAGTACACTTACTCGGG,--_918_8831,,--_918_8831,1
8925,9229,3,--,Insertion_reverse,8925_9229,--_8925_9229,8925,9229,8925_9229,1,GGGTACACTGAAAGTTCCAGAGGTTCCGGCccgtccatcatcacccacattccgtttatg,CATAAACGGAATGTGGGTGATGATGGACGGGCCGGAACCTCTGGAACTTTCAGTGTACCC,--_8925_9229,,--_8925_9229,1
5149,8484,3,--,Insertion_reverse,5149_8484,--_5149_8484,5149,8484,5149_8484,1,CAATCTCAGAGTCTCTGAGTTTGAATCTCTgctctttcgaccgatcccattctaaaatcg,CGATTTTAGAATGGGATCGGTCGAAAGAGCAGAGATTCAAACTCAGAGACTCTGAGATTG,--_5149_8484,,--_5149_8484,1
6901,8812,3,--,Insertion_reverse,6901_8812,--_6901_8812,6901,8812,6901_8812,1,CGCATTGACCGTCTTTCGTGCTAATCCAGTtccttttccgcctgcttctgctcatctgtc,GACAGATGAGCAGAAGCAGGCGGAAAAGGAACTGGATTAGCACGAAAGACGGTCAATGCG,--_6901_8812,,--_6901_8812,1
3647,2365,2,--,Deletion_reverse,3647_2365,--_3647_2365,2365,3647,2365_3647,1,TCTTGCTCGGATTGTCTCTTTGCTTGATGAtctaacagagtgggccacttgccaagttcg,CGAACTTGGCAAGTGGCCCACTCTGTTAGATCATCAAGCAAAGAGACAATCCGAGCAAGA,,++_2365_3647,++_2365_3647,1
7019,4022,2,--,Deletion_reverse,7019_4022,--_7019_4022,4022,7019,4022_7019,1,AGATACTTCTCGGCAAAATCGTCTGGGAAAcgcgacttccgtggcagttgctctggtaaa,TTTACCAGAGCAACTGCCACGGAAGTCGCGTTTCCCAGACGATTTTGCCGAGAAGTATCT,,++_4022_7019,++_4022_7019,1
6060,1784,2,--,Deletion_reverse,6060_1784,--_6060_1784,1784,6060,1784_6060,1,ATACATATTGATGAACTTCCTGTTTTTGTGgtgcgctttctgggagatcttgttgcgaaa,TTTCGCAACAAGATCTCCCAGAAAGCGCACCACAAAAACAGGAAGTTCATCAATATGTAT,,++_1784_6060,++_1784_6060,1
6104,4165,2,--,Deletion_reverse,6104_4165,--_6104_4165,4165,6104,4165_6104,0,GGATCCACGAAACGAACTGCAGAGAAATCTacgttttctgcaagtggccgagttggctca,TGAGCCAACTCGGCCACTTGCAGAAAACGTAGATTTCTCTGCAGTTCGTTTCGTGGATCC,,++_4166_6105,++_4166_6105,1
5147,3516,2,--,Deletion_reverse,5147_3516,--_5147_3516,3516,5147,3516_5147,1,ATCTCAGAGTCTCTGAGTTTGAATCTCTTTgttcccattctattttcctgcgctctgtct,AGACAGAGCGCAGGAAAATAGAATGGGAACAAAGAGATTCAAACTCAGAGACTCTGAGAT,--_5147_3516,,--_5147_3516,1
2956,620,2,--,Deletion_reverse,2956_620,--_2956_620,620,2956,620_2956,0,TGAATCTGTTACACGCGCGAGTGGCTGCGTacgcctttcccttgcgcgcttttgcttcat,ATGAAGCAAAAGCGCGCAAGGGAAAGGCGTACGCAGCCACTCGCGCGTGTAACAGATTCA,--_2957_621,,--_2957_621,1
8273,1909,2,--,Deletion_reverse,8273_1909,--_8273_1909,1909,8273,1909_8273,1,AGGATATACTCATACTCTGGGTGTACGCTTcctttctttggatcgattatctcaaagtag,CTACTTTGAGATAATCGATCCAAAGAAAGGAAGCGTACACCCAGAGTATGAGTATATCCT,--_8273_1909,,--_8273_1909,1
1803,5741,2,--,Insertion_reverse,1803_5741,--_1803_5741,1803,5741,1803_5741,1,ATTTCCATTTCTATCGAGCTGGTTGTCGCAttgatggtgaactgcctcaagcgctccata,TATGGAGCGCTTGAGGCAGTTCACCATCAATGCGACAACCAGCTCGATAGAAATGGAAAT,--_1803_5741,,--_1803_5741,1
1434,8579,1,--,Insertion_reverse,1434_8579,--_1434_8579,1434,8579,1434_8579,0,ATCGCGTAGCTGCGTTAACCTGTGCTTCATcatccacgcataaaacttacgtatctcgtg,CACGAGATACGTAAGTTTTATGCGTGGATGATGAAGCACAGGTTAACGCAGCTACGCGAT,,++_8581_1436,++_8581_1436,1
8980,1038,9,+-,5cb/sb,8980_1038,+-_8980_1038,1038,8980,1038_8980,0,ACCCAGACTTAAGAGCCTAACAAGCAAAATttatggttgttttgttacccgagtacctgc,GCAGGTACTCGGGTAACAAAACAACCATAAATTTTGCTTGTTAGGCTCTTAAGTCTGGGT,,+-_1039_8979,+-_1039_8979,1
7968,6287,8,+-,5cb/sb,7968_6287,+-_7968_6287,6287,7968,6287_7968,1,GTGATGCTGATGGCTCACAGTTTGACAGCTgttcatgtagtaggcctgaattgtcttatt,AATAAGACAATTCAGGCCTACTACATGAACAGCTGTCAAACTGTGAGCCATCAGCATCAC,+-_7968_6287,,+-_7968_6287,1
762,8125,7,+-,5cb/sb,762_8125,+-_762_8125,762,8125,762_8125,1,CGCTTCACAAGACACCGTCAATGAAGAAGAcctttgaacttcttgacgagtgtaccatct,AGATGGTACACTCGTCAAGAAGTTCAAAGGTCTTCTTCATTGACGGTGTCTTGTGAAGCG,+-_762_8125,,+-_762_8125,1
6288,7967,7,+-,5cb/sb,6288_7967,+-_6288_7967,6288,7967,6288_7967,0,ATAAGACAATTCAGGCCTACTACATGAACAgctgtcaaactgtgagccatcagcatcaca,TGTGATGCTGATGGCTCACAGTTTGACAGCTGTTCATGTAGTAGGCCTGAATTGTCTTAT,,+-_7968_6287,+-_7968_6287,1
3537,2677,7,+-,5cb/sb,3537_2677,+-_3537_2677,2677,3537,2677_3537,1,AATGGGAACTTGCATTCCACCATGCCATTCggtctatagactccttttatgagcctcttg,CAAGAGGCTCATAAAAGGAGTCTATAGACCGAATGGCATGGTGGAATGCAAGTTCCCATT,,+-_2677_3537,+-_2677_3537,1
3497,970,7,+-,5cb/sb,3497_970,+-_3497_970,970,3497,970_3497,1,CTCAAACTGGATATTGAGGAGACAGAGCGCgataagtcgcgctgcgctctcttcccgagt,ACTCGGGAAGAGAGCGCAGCGCGACTTATCGCGCTCTGTCTCCTCAATATCCAGTTTGAG,+-_3497_970,,+-_3497_970,1
2677,3537,6,+-,5cb/sb,2677_3537,+-_2677_3537,2677,3537,2677_3537,1,CAAGAGGCTCATAAAAGGAGTCTATAGACCgaatggcatggtggaatgcaagttcccatt,AATGGGAACTTGCATTCCACCATGCCATTCGGTCTATAGACTCCTTTTATGAGCCTCTTG,+-_2677_3537,,+-_2677_3537,1
970,3497,5,+-,5cb/sb,970_3497,+-_970_3497,970,3497,970_3497,1,ACTCGGGAAGAGAGCGCAGCGCGACTTATCgcgctctgtctcctcaatatccagtttgag,CTCAAACTGGATATTGAGGAGACAGAGCGCGATAAGTCGCGCTGCGCTCTCTTCCCGAGT,,+-_3497_970,+-_3497_970,1
8125,762,4,+-,5cb/sb,8125_762,+-_8125_762,762,8125,762_8125,1,AGATGGTACACTCGTCAAGAAGTTCAAAGGtcttcttcattgacggtgtcttgtgaagcg,CGCTTCACAAGACACCGTCAATGAAGAAGACCTTTGAACTTCTTGACGAGTGTACCATCT,,+-_762_8125,+-_762_8125,1
7657,1705,4,+-,5cb/sb,7657_1705,+-_7657_1705,1705,7657,1705_7657,0,TGAGTTCACACCTGAGATGAAAGAAGAAATcgtgctatctcaagcaaatgtttcgtggcc,GGCCACGAAACATTTGCTTGAGATAGCACGATTTCTTCTTTCATCTCAGGTGTGAACTCA,,+-_1706_7656,+-_1706_7656,1
1040,8978,4,+-,5cb/sb,1040_8978,+-_1040_8978,1040,8978,1040_8978,0,AGGTACTCGGGTAACAAAACAACCATAAATtttgcttgttaggctcttaagtctgggtac,GTACCCAGACTTAAGAGCCTAACAAGCAAAATTTATGGTTGTTTTGTTACCCGAGTACCT,+-_1039_8979,,+-_1039_8979,1
1707,7655,3,+-,5cb/sb,1707_7655,+-_1707_7655,1707,7655,1707_7655,0,CCACGAAACATTTGCTTGAGATAGCACGATttcttctttcatctcaggtgtgaactcagc,GCTGAGTTCACACCTGAGATGAAAGAAGAAATCGTGCTATCTCAAGCAAATGTTTCGTGG,+-_1706_7656,,+-_1706_7656,1
7710,5359,3,+-,5cb/sb,7710_5359,+-_7710_5359,5359,7710,5359_7710,1,TCTTCTTAGGAAAGATGGGAGTGTGGAACGtcacctttgaatttgacaatcacatcccac,GTGGGATGTGATTGTCAAATTCAAAGGTGACGTTCCACACTCCCATCTTTCCTAAGAAGA,,+-_5359_7710,+-_5359_7710,1
102,4015,3,+-,5cb/sb,102_4015,+-_102_4015,102,4015,102_4015,1,ATCAAAGATTCTCAAATCTTTCATCGTTATtccgtggcagttgctctggtaaaagtcatg,CATGACTTTTACCAGAGCAACTGCCACGGAATAACGATGAAAGATTTGAGAATCTTTGAT,,+-_4015_102,+-_4015_102,1
3000,1458,3,+-,5cb/sb,3000_1458,+-_3000_1458,1458,3000,1458_3000,0,CGTGTAACAGATTCATGGGCATGCTTTTGCgtagctgcgttaacctgtgcttcatggatg,CATCCATGAAGCACAGGTTAACGCAGCTACGCAAAAGCATGCCCATGAATCTGTTACACG,,+-_1460_2998,+-_1460_2998,1
1460,2998,3,+-,5cb/sb,1460_2998,+-_1460_2998,1460,2998,1460_2998,1,TCCATGAAGCACAGGTTAACGCAGCTACGCaaaagcatgcccatgaatctgttacacgcg,CGCGTGTAACAGATTCATGGGCATGCTTTTGCGTAGCTGCGTTAACCTGTGCTTCATGGA,+-_1460_2998,,+-_1460_2998,1
3460,7774,2,+-,5cb/sb,3460_7774,+-_3460_7774,3460,7774,3460_7774,0,CGCCGAGGCGAATCACATCGTCACCACGCAgtaaacgtccgtgttttgtttgcttccact,AGTGGAAGCAAACAAAACACGGACGTTTACTGCGTGGTGACGATGTGATTCGCCTCGGCG,+-_3458_7776,,+-_3458_7776,1
7777,3457,2,+-,5cb/sb,7777_3457,+-_7777_3457,3457,7777,3457_7777,0,GGAAGCAAACAAAACACGGACGTTTACTGCgtggtgacgatgtgattcgcctcggcggtc,GACCGCCGAGGCGAATCACATCGTCACCACGCAGTAAACGTCCGTGTTTTGTTTGCTTCC,,+-_3458_7776,+-_3458_7776,1
9776,9177,2,+-,5cb/sb,9776_9177,+-_9776_9177,9177,9776,9177_9776,1,TATTTTCGCCGAACATTTTATTGGTGTTAGtgcaccagaccattaaaccattgagaataa,TTATTCTCAATGGTTTAATGGTCTGGTGCACTAACACCAATAAAATGTTCGGCGAAAATA,+-_9776_9177,,+-_9776_9177,1
163,4932,2,+-,5cb/sb,163_4932,+-_163_4932,163,4932,163_4932,1,AGTAGTTACATTCGCATCGGCTATCACCAAaccctttctctgtgtgacctattcgcaggg,CCCTGCGAATAGGTCACACAGAGAAAGGGTTTGGTGATAGCCGATGCGAATGTAACTACT,+-_163_4932,,+-_163_4932,1
5359,7710,1,+-,5cb/sb,5359_7710,+-_5359_7710,5359,7710,5359_7710,1,GTGGGATGTGATTGTCAAATTCAAAGGTGAcgttccacactcccatctttcctaagaaga,TCTTCTTAGGAAAGATGGGAGTGTGGAACGTCACCTTTGAATTTGACAATCACATCCCAC,+-_5359_7710,,+-_5359_7710,1
1035,2543,8,-+,3cb/sb,1035_2543,-+_1035_2543,1035,2543,1035_2543,1,CCAACCTGCGCAAACCACTCCTGGATTTATcacaagatgcaatttggagtcaagcttaaa,TTTAAGCTTGACTCCAAATTGCATCTTGTGATAAATCCAGGAGTGGTTTGCGCAGGTTGG,,-+_2543_1035,-+_2543_1035,1
8434,7304,7,-+,3cb/sb,8434_7304,-+_8434_7304,7304,8434,7304_8434,1,CTAAAATCGATACTATTCGCTCTGGCTCGAaaaatgtcagatgtttgacttgtatctcaa,TTGAGATACAAGTCAAACATCTGACATTTTTCGAGCCAGAGCGAATAGTATCGATTTTAG,-+_8434_7304,,-+_8434_7304,1
3324,6240,7,-+,3cb/sb,3324_6240,-+_3324_6240,3324,6240,3324_6240,1,CCTACACACGCTATTCGACACCTTGCTACCccaaatgaaatacgtgtgaataagacaatt,AATTGTCTTATTCACACGTATTTCATTTGGGGTAGCAAGGTGTCGAATAGCGTGTGTAGG,-+_3324_6240,,-+_3324_6240,1
9114,6940,6,-+,3cb/sb,9114_6940,-+_9114_6940,6940,9114,6940_9114,1,CATTTTGTCCTCCGTCAGTTCGTAATCGGCtggtgagcacgaaagacggaaaaatacttg,CAAGTATTTTTCCGTCTTTCGTGCTCACCAGCCGATTACGAACTGACGGAGGACAAAATG,-+_9114_6940,,-+_9114_6940,1
3200,9054,6,-+,3cb/sb,3200_9054,-+_3200_9054,3200,9054,3200_9054,1,ACGCTGTATCTGCCGCCTAAATCGGCTTCGgatctatccaacacacggtcaacgcgaaag,CTTTCGCGTTGACCGTGTGTTGGATAGATCCGAAGCCGATTTAGGCGGCAGATACAGCGT,,-+_9054_3200,-+_9054_3200,1
4133,3409,5,-+,3cb/sb,4133_3409,-+_4133_3409,3409,4133,3409_4133,1,TTTTCTGCAAGTGGCCGAGTTGGCTCAAGGtcagcttactaatcaagatgaccgccgagg,CCTCGGCGGTCATCTTGATTAGTAAGCTGACCTTGAGCCAACTCGGCCACTTGCAGAAAA,,-+_3409_4133,-+_3409_4133,1
6240,3324,5,-+,3cb/sb,6240_3324,-+_6240_3324,3324,6240,3324_6240,1,AATTGTCTTATTCACACGTATTTCATTTGGggtagcaaggtgtcgaatagcgtgtgtagg,CCTACACACGCTATTCGACACCTTGCTACCCCAAATGAAATACGTGTGAATAAGACAATT,,-+_3324_6240,-+_3324_6240,1
2354,4290,4,-+,3cb/sb,2354_4290,-+_2354_4290,2354,4290,2354_4290,1,TAACAAGCGGTTGCTACATCTAACAGAGTGaacaatagaatgcgcattgaagaatttgac,GTCAAATTCTTCAATGCGCATTCTATTGTTCACTCTGTTAGATGTAGCAACCGCTTGTTA,-+_2354_4290,,-+_2354_4290,1
1500,2388,4,-+,3cb/sb,1500_2388,-+_1500_2388,1500,2388,1500_2388,0,TGCTTGCTCATACCTATCTAGTATCTGCACctgaaggtattttacccagacgttgctaac,GTTAGCAACGTCTGGGTAAAATACCTTCAGGTGCAGATACTAGATAGGTATGAGCAAGCA,,-+_2387_1501,-+_2387_1501,1
2542,1036,4,-+,3cb/sb,2542_1036,-+_2542_1036,1036,2542,1036_2542,0,TTAAGCTTGACTCCAAATTGCATCTTGTGAtaaatccaggagtggtttgcgcaggttgga,TCCAACCTGCGCAAACCACTCCTGGATTTATCACAAGATGCAATTTGGAGTCAAGCTTAA,-+_2543_1035,,-+_2543_1035,1
7304,8434,4,-+,3cb/sb,7304_8434,-+_7304_8434,7304,8434,7304_8434,1,TTGAGATACAAGTCAAACATCTGACATTTTtcgagccagagcgaatagtatcgattttag,CTAAAATCGATACTATTCGCTCTGGCTCGAAAAATGTCAGATGTTTGACTTGTATCTCAA,,-+_8434_7304,-+_8434_7304,1
9052,3202,4,-+,3cb/sb,9052_3202,-+_9052_3202,3202,9052,3202_9052,0,TTCGCGTTGACCGTGTGTTGGATAGATCCGaagccgatttaggcggcagatacagcgtgt,ACACGCTGTATCTGCCGCCTAAATCGGCTTCGGATCTATCCAACACACGGTCAACGCGAA,-+_9054_3200,,-+_9054_3200,1
9614,6126,4,-+,3cb/sb,9614_6126,-+_9614_6126,6126,9614,6126_9614,1,TAGTCTACCAACATACAACTTCATAACCCCgtggatccactcacaggagcgacgttggat,ATCCAACGTCGCTCCTGTGAGTGGATCCACGGGGTTATGAAGTTGTATGTTGGTAGACTA,,-+_6126_9614,-+_6126_9614,1
6940,9114,3,-+,3cb/sb,6940_9114,-+_6940_9114,6940,9114,6940_9114,1,CAAGTATTTTTCCGTCTTTCGTGCTCACCAgccgattacgaactgacggaggacaaaatg,CATTTTGTCCTCCGTCAGTTCGTAATCGGCTGGTGAGCACGAAAGACGGAAAAATACTTG,,-+_9114_6940,-+_9114_6940,1
8432,4967,3,-+,3cb/sb,8432_4967,-+_8432_4967,4967,8432,4967_8432,1,AAAATCGATACTATTCGCTCTGGCTCGAGCagctttgaagtgcttcacttatgggcttcc,GGAAGCCCATAAGTGAAGCACTTCAAAGCTGCTCGAGCCAGAGCGAATAGTATCGATTTT,,-+_4967_8432,-+_4967_8432,1
4964,8435,3,-+,3cb/sb,4964_8435,-+_4964_8435,4964,8435,4964_8435,0,AGCCCATAAGTGAAGCACTTCAAAGCTGCTcgagccagagcgaatagtatcgattttaga,TCTAAAATCGATACTATTCGCTCTGGCTCGAGCAGCTTTGAAGTGCTTCACTTATGGGCT,-+_4967_8432,,-+_4967_8432,1
6125,9615,3,-+,3cb/sb,6125_9615,-+_6125_9615,6125,9615,6125_9615,0,TCCAACGTCGCTCCTGTGAGTGGATCCACGgggttatgaagttgtatgttggtagactat,ATAGTCTACCAACATACAACTTCATAACCCCGTGGATCCACTCACAGGAGCGACGTTGGA,-+_6126_9614,,-+_6126_9614,1
8306,7679,3,-+,3cb/sb,8306_7679,-+_8306_7679,7679,8306,7679_8306,1,CCCAATTCACGAAAGTTGTCTGCCATAGTGactcttcttaggaaagatgggagtgtggaa,TTCCACACTCCCATCTTTCCTAAGAAGAGTCACTATGGCAGACAACTTTCGTGAATTGGG,-+_8306_7679,,-+_8306_7679,1
7678,8307,3,-+,3cb/sb,7678_8307,-+_7678_8307,7678,8307,7678_8307,0,TCCACACTCCCATCTTTCCTAAGAAGAGTCactatggcagacaactttcgtgaattgggc,GCCCAATTCACGAAAGTTGTCTGCCATAGTGACTCTTCTTAGGAAAGATGGGAGTGTGGA,,-+_8306_7679,-+_8306_7679,1
4255,7271,3,-+,3cb/sb,4255_7271,-+_4255_7271,4255,7271,4255_7271,1,AGTAATTGAGTGCAAAACCACTGGTCATTAtagccagcttgtgacaaagcacacagttaa,TTAACTGTGTGCTTTGTCACAAGCTGGCTATAATGACCAGTGGTTTTGCACTCAATTACT,-+_4255_7271,,-+_4255_7271,1
7271,4255,3,-+,3cb/sb,7271_4255,-+_7271_4255,4255,7271,4255_7271,1,TTAACTGTGTGCTTTGTCACAAGCTGGCTAtaatgaccagtggttttgcactcaattact,AGTAATTGAGTGCAAAACCACTGGTCATTATAGCCAGCTTGTGACAAAGCACACAGTTAA,,-+_4255_7271,-+_4255_7271,1
2387,1501,2,-+,3cb/sb,2387_1501,-+_2387_1501,1501,2387,1501_2387,1,TTAGCAACGTCTGGGTAAAATACCTTCAGGtgcagatactagataggtatgagcaagcac,GTGCTTGCTCATACCTATCTAGTATCTGCACCTGAAGGTATTTTACCCAGACGTTGCTAA,-+_2387_1501,,-+_2387_1501,1
3409,4133,2,-+,3cb/sb,3409_4133,-+_3409_4133,3409,4133,3409_4133,1,CCTCGGCGGTCATCTTGATTAGTAAGCTGAccttgagccaactcggccacttgcagaaaa,TTTTCTGCAAGTGGCCGAGTTGGCTCAAGGTCAGCTTACTAATCAAGATGACCGCCGAGG,-+_3409_4133,,-+_3409_4133,1
4290,2354,1,-+,3cb/sb,4290_2354,-+_4290_2354,2354,4290,2354_4290,1,GTCAAATTCTTCAATGCGCATTCTATTGTTcactctgttagatgtagcaaccgcttgtta,TAACAAGCGGTTGCTACATCTAACAGAGTGAACAATAGAATGCGCATTGAAGAATTTGAC,,-+_2354_4290,-+_2354_4290,1
